/*
	Script to insert data on the Tables from the Databases Project

	Pedro Abreu & João Gameiro
*/

/*	EMPRESAS DE CATERING	*/
INSERT INTO EM.EMPRESACATERING 
VALUES (100000012, 'MealsRus', 'mlr@gmail.com', 351236228556, 'Porto, Amarante, R. do Dr. José de Azeredo Perdigão 4');

INSERT INTO EM.EMPRESACATERING 
VALUES (123000112, 'Comes&Bebes', 'cb@gmail.com', 351236228456, 'Porto, Baixo, R. Carlos Azevedo Nº 54');

INSERT INTO EM.EMPRESACATERING 
VALUES (100540212, 'MiliEventos', 'meventos@gmail.com', 351236333556, 'Aveiro, Avenida Santa Joana, Nº 49');

INSERT INTO EM.EMPRESACATERING 
VALUES (101200312, 'MyCatering', 'mc@hotmail.com', 351236222555, 'Aveiro, Avenida Carlos Peixoto, Nº 84'); 

INSERT INTO EM.EMPRESACATERING 
VALUES (103120412, 'Food4You', 'f4y@hotmail.com', 351236223553, 'Leiria, Pombal, R. Albergaria dos Doze Nº 14');

INSERT INTO EM.EMPRESACATERING 
VALUES (100355512, 'CateringAveiro', 'caveiro@gmail.com', 351236233533, 'Aveiro, Avenida Lourenço Peixinho, Nº 24');

INSERT INTO EM.EMPRESACATERING 
VALUES (100011612, 'MealsFromLisbon', 'mfl@gmail.com', 351236111533, 'Lisboa, Cascais, Avenida Alberto Caeiro, Nº 12');

INSERT INTO EM.EMPRESACATERING 
VALUES (100132712, 'Eventos Silva', 'esilva@gmail.com', 35123666533, 'Leiria, Rua Dr. Marco Alves, Nº 35');

INSERT INTO EM.EMPRESACATERING 
VALUES (100455812, 'MyEvents', 'me@gmail.com', 351236233555, 'Aveiro, Anadia, Rua da Escola, Nº 12');

INSERT INTO EM.EMPRESACATERING 
VALUES (101234912, 'OliveiraCatering', 'ocateging@gmail.com', 351236222233, 'Viseu, Oliveira de Frades , Avenida Alexandre Paxeco, Nº 24'); 

SELECT * FROM EM.EMPRESACATERING;

/*	PROMOTORES	*/
INSERT INTO EM.PROMOTOR VALUES (10120012, 'Álvaro Covões', 'ac@gmail.com', 351921195315);

INSERT INTO EM.PROMOTOR VALUES (20330304, 'Carlos Aguiar', 'aguiar@gmail.com', 351921115365);

INSERT INTO EM.PROMOTOR VALUES (10220022, 'Ana Alves', 'alves@gmail.com', 351921195522);

INSERT INTO EM.PROMOTOR VALUES (01020333, 'Joana Pacheco', 'joana1234@gmail.com', 351965591311);

INSERT INTO EM.PROMOTOR VALUES (00114444, 'Cláudio Aveiro', 'ca12@gmail.com', 351922299315);

INSERT INTO EM.PROMOTOR VALUES (01231110, 'Sara Rocha', 'rocha@gmail.com', 351921155515);

INSERT INTO EM.PROMOTOR VALUES (04545450, 'Alfredo Silva', 'asilva@gmail.com', 351921195333);

INSERT INTO EM.PROMOTOR VALUES (11545451, 'Cátia Lourenço', 'asilva@gmail.com', 351961111333);

INSERT INTO EM.PROMOTOR VALUES (01532400, 'Paulo Alves', 'pa789@gmail.com', NULL);

INSERT INTO EM.PROMOTOR VALUES (04200120, 'Lucas Abreu', 'abreu@gmail.com', 351923405333);

INSERT INTO EM.PROMOTOR VALUES (01134000, 'Alfredo Silva', 'asilva@gmail.com', 351929951115);

INSERT INTO EM.PROMOTOR VALUES (01102001, 'Luísa Alves', 'luisaalves@gmail.com', 351923451115);

INSERT INTO EM.PROMOTOR VALUES (01552001, 'Fernando Alvim', NULL, 351923451115);

INSERT INTO EM.PROMOTOR VALUES (31034010, 'Cândida Almeida', 'calmeida@hotmail.com', 351929953333);

INSERT INTO EM.PROMOTOR VALUES (11110000, 'Mariana Almeida', 'asilva@gmail.com', 351965551115);

INSERT INTO EM.PROMOTOR VALUES (01234050, 'Ricardo Costa', 'rcosta2008@hotmail.com', 351923352215);

INSERT INTO EM.PROMOTOR VALUES (02134022, 'Henrique Gameiro', 'henriquem.gam@hotmail.com', 351963359915);

INSERT INTO EM.PROMOTOR VALUES (32130011, 'Miguel Azevedo', 'ma19@gmail.com', 351961153315);

INSERT INTO EM.PROMOTOR VALUES (32330002, 'Martim Vazconcellos', 'mv@gmail.com', 351912113315);

INSERT INTO EM.PROMOTOR VALUES (22303412, 'Jorje Nuno', 'jn10@gmail.com', 351942313215);

SELECT * FROM EM.PROMOTOR;

/*  STAGE MANAGERS  */

INSERT INTO EM.STAGEMANAGER VALUES (02113011, 'Tiago Martins', 'tm@gmail.com', 351963333915);

INSERT INTO EM.STAGEMANAGER VALUES (11113011, 'Carolina Simões', 'cs@gmail.com', 351923343111);

INSERT INTO EM.STAGEMANAGER VALUES (12003011, 'Andreia Pereira', 'andreia.pereira@gmail.com', 351925656395);

INSERT INTO EM.STAGEMANAGER VALUES (32113211, 'Mara Simões', 'mara2020@gmail.com', 351913333915);

INSERT INTO EM.STAGEMANAGER VALUES (27124021, 'Pedro Neves', 'pn752@gmail.com', 351963388315);

INSERT INTO EM.STAGEMANAGER VALUES (77023011, 'Daniel Gomes', 'gomedaniel@gmail.com', 351951133415);

INSERT INTO EM.STAGEMANAGER VALUES (21121011, 'Marco Gonçalves', 'msg@gmail.com', 351922340015);

INSERT INTO EM.STAGEMANAGER VALUES (33101021, 'André Lopes', NULL, 351920342015);

INSERT INTO EM.STAGEMANAGER VALUES (42131011, 'Roberto Martins', 'rmartins@gmail.com', 351953332415);

INSERT INTO EM.STAGEMANAGER VALUES (55513001, 'José Costa', 'jc.scp@gmail.com', 351953312915);

INSERT INTO EM.STAGEMANAGER VALUES (77103010, 'Joaquim Gameiro', 'jg.452@gmail.com', 351960030015);

INSERT INTO EM.STAGEMANAGER VALUES (12100010, 'Anabela Neves', 'tm@gmail.com', 351953322945);

INSERT INTO EM.STAGEMANAGER VALUES (21204011, 'Maria Carvalho', 'mcr@gmail.com', NULL);

INSERT INTO EM.STAGEMANAGER VALUES (12333051, 'Joana Simões', 'js@gmail.com', 351960136615);

INSERT INTO EM.STAGEMANAGER VALUES (22000011, 'Rodrigo Marques', 'rm.fcp@hotmail.com', 351920134415);

INSERT INTO EM.STAGEMANAGER VALUES (32030311, 'Marcelo Azevedo', 'ma2052@hotmail.com', 351910233315);

INSERT INTO EM.STAGEMANAGER VALUES (32032541, 'Carmo Ventura', 'cv@hotmail.com', 351920203010);

INSERT INTO EM.STAGEMANAGER VALUES (22032242, 'José Luís', 'js.scp@hotmail.com', 351911103110);

INSERT INTO EM.STAGEMANAGER VALUES (12012141, 'Bruno Carvalho', 'bdc@gmail.com', 353931402120);

INSERT INTO EM.STAGEMANAGER VALUES (32435255, 'Joana Gameiro', 'jsg789@gmail.com', 351912203212);

SELECT * FROM EM.STAGEMANAGER;

/*  EVENTOS */
INSERT INTO EM.EVENTO
VALUES(1, 'RockFest', 2, '2018-06-01', '2018-06-02', 1500, 00114444, '2017-12-01', 32032541);

INSERT INTO EM.EVENTO
VALUES(2, 'GoodJazz Festival', 5, '2019-04-01', '2019-04-05', 2500, 10120012, '2018-11-01', 22000011);

INSERT INTO EM.EVENTO
VALUES(3, 'Rap Summer Fest', 3, '2019-06-01', '2019-06-03', 2700, 11545451, '2018-11-09', 12333051);

INSERT INTO EM.EVENTO
VALUES(4, 'Xutos&Pontapés 20Anos', 1, '2019-05-02', '2019-05-02', 1000, 04545450, '2019-01-02', 22000011);

INSERT INTO EM.EVENTO
VALUES(5, 'MetalWeek', 5, '2020-05-01', '2020-05-05', 3000, 01231110, '2019-11-02', 32030311);

INSERT INTO EM.EVENTO
VALUES(6, 'Orquestra Sinfónica de Chicago', 1, '2020-06-05', '2020-06-05', 1200, 02134022, '2020-01-01', 12100010);

INSERT INTO EM.EVENTO
VALUES(7, 'Feira da Música', 4, '2021-01-30', '2021-02-02', 900, 11110000, '2020-11-11', 42131011);

INSERT INTO EM.EVENTO
VALUES(8, 'NOS Cool Music', 2, '2020-08-01', '2020-08-02', 1900, 04200120, '2020-02-01', 12333051);

INSERT INTO EM.EVENTO
VALUES(9, 'Blues Night', 1, '2018-04-07', '2018-04-07', 3000, 20330304, '2018-01-01', 55513001);

INSERT INTO EM.EVENTO
VALUES(10, 'Música Portuguesa', 3, '2019-05-01', '2019-05-03', 1500, 02134022, '2019-01-30', 32032541);

INSERT INTO EM.EVENTO
VALUES(11, 'Foo Fighters Live1', 1, '2021-06-01', '2021-06-01', 4000, 11545451, '2020-01-01', 22032242);

INSERT INTO EM.EVENTO
VALUES(12, 'Pop Culture Fest', 2, '2019-02-02', '2019-02-03', 5000, 01134000, '2018-10-01', 55513001);

INSERT INTO EM.EVENTO
VALUES(13, 'Foo Fighters Live2', 1, '2021-09-02', '2021-09-02', 4000, 31034010, '2021-01-02', 21204011);

INSERT INTO EM.EVENTO
VALUES(14, 'IndieGente', 3, '2022-05-02', '2022-05-04', 800, 01134000, '2021-01-02', 21121011);

INSERT INTO EM.EVENTO
VALUES(15, 'FadoFest', 4, '2019-05-01', '2019-05-04', 500, 22303412, '2019-01-02', 32113211);

INSERT INTO EM.EVENTO
VALUES(16, 'HarcoreMetalNight', 1, '2019-08-01', '2019-08-01', 500, 22303412, '2019-05-02', 12012141);

INSERT INTO EM.EVENTO
VALUES(17, 'Hanz Zimmer Live', 1, '2019-08-02', '2019-08-02', 500, 10220022, '2019-05-03', 12100010);

INSERT INTO EM.EVENTO
VALUES(18, 'Festa Pimba', 2, '2020-03-02', '2020-03-03', 100, 32330002, '2019-05-03', 21204011);

INSERT INTO EM.EVENTO
VALUES(19, '90s', 2, '2021-03-02', '2021-03-03', 800,  22303412, '2020-10-03', 12003011);

INSERT INTO EM.EVENTO
VALUES(20, '80s Pop week', 5, '2022-03-02', '2022-03-03', 800,  10220022, '2021-10-03', 33101021);

SELECT * FROM EM.EVENTO;

/*  BANDAS  */
INSERT INTO EM.BANDA
VALUES('ff', 'Foo Fighters', 142555501002, 'ff@hotmail.com', 6, 'Rock');

INSERT INTO EM.BANDA
VALUES('cc', 'Calvin Connors Band', 142525304502, 'ccband@gmail.com', 4, 'Pop');

INSERT INTO EM.BANDA
VALUES('es', 'Ed Sheeran', 142500304300, 'eds@gmail.com', 4, 'Pop');

INSERT INTO EM.BANDA
VALUES('osdc', 'Orquestra Sinfónica de Chicago', 142511104110, 'osdc@gmail.com', 30, 'Clássico');

INSERT INTO EM.BANDA
VALUES('bnz', 'Benzi', 351920100010, 'benzi@gamil.com', 3, 'Rap');

INSERT INTO EM.BANDA
VALUES('mm', 'minem', 351920100010, 'nm25@gmail.com', 2, 'Rap');

INSERT INTO EM.BANDA
VALUES('tbk', 'The Black Keys', 142520100010, 'tbk@gmail.com', 2, 'Blues Rock');

INSERT INTO EM.BANDA
VALUES('xp', 'Xutos & Pontapés', 351920102310, 'xp1999@gmail.com', 6, 'Rock');

INSERT INTO EM.BANDA
VALUES('on', 'Orelha Negra', 351962657150, 'on87@hotmail', 5, 'Rap');

INSERT INTO EM.BANDA
VALUES('spn', '(s)Pain', 351928865113, 'pain1000@gmail.com', 4, 'Punk');

INSERT INTO EM.BANDA
VALUES('gd', 'Green Day', 142525005113, 'gd1039@gmail.com', 3, 'Punk');

INSERT INTO EM.BANDA
VALUES('pbld', 'Peasent Blood', 142525505213, 'pbld@gmail.com', 5, 'Metal');

INSERT INTO EM.BANDA
VALUES('lm', 'Luís Miguel', 351925055213, 'pizzimusic@hotmail.com', 1, 'Pop');

INSERT INTO EM.BANDA
VALUES('ma', 'Miguel Araújo', 351926665213, 'pizzimusic@hotmail.com', 1, 'Pop');

INSERT INTO EM.BANDA
VALUES('cr', 'Comme Restus', 351920005003, 'eat@hotmail.com', 5, 'Metal');

INSERT INTO EM.BANDA
VALUES('jw', 'Jack White', 142522335233, 'jw@hotmail.com', 1, 'Blues Rock');

INSERT INTO EM.BANDA
VALUES('subs', 'Submarines in The Sky',  351960343570, 'sits@gmail.com', 3, 'Rock');

INSERT INTO EM.BANDA
VALUES('db&men', 'David Bruno & Mike El Night', 351920035233, 'inatl@gmail.com', 2, 'Rap');

INSERT INTO EM.BANDA
VALUES('slr', 'Slayer',  142520034733, 'slr@hotmail.com', 5, 'Metal');

INSERT INTO EM.BANDA
VALUES('nj', 'Norah Jones',  142520011133, 'nj10@hotmail.com', 1, 'Jazz');

INSERT INTO EM.BANDA
VALUES('cdb', 'Clive Davis Band',  142520313189, 'cdb2000@hotmail.com', 5, 'Jazz');

INSERT INTO EM.BANDA
VALUES('tba', 'The Black Angels',  142520322289, 'angels@hotmail.com', 5, 'Indie');

INSERT INTO EM.BANDA
VALUES('mmj', 'My Morning Jacket',  142500327787, 'jacket@hotmail.com', 5, 'Indie');

INSERT INTO EM.BANDA
VALUES('db', 'DeadCombo',  351920327787, 'dead10combo@hotmail.com', 2, 'Indie');

INSERT INTO EM.BANDA
VALUES('tk', 'The Kills',  142590345080, 'tkills@hotmail.com', 2, 'Indie');

INSERT INTO EM.BANDA
VALUES('rv', 'Rui Veloso',  351950242020, 'veloso@gmail.com', 1, 'Pop');

INSERT INTO EM.BANDA
VALUES('jp', 'Jorje Palma',  351920232044, 'jpalma@gmail.com', 1, 'Pop');

INSERT INTO EM.BANDA
VALUES('cpt', 'Carminho',  351910111044, 'carminho@gmail.com', 1, 'Fado');

INSERT INTO EM.BANDA
VALUES('anm', 'Ana Moura',  351923123344, 'moura@gmail.com', 1, 'Fado');

INSERT INTO EM.BANDA
VALUES('qb', 'Quim Barreiros',  351911113344, 'quim.barreiros@gmail.com', 2, 'Pimba');

INSERT INTO EM.BANDA
VALUES('toy', 'Toy',  351933133224, 'toy@gmail.com', 1, 'Pimba');

INSERT INTO EM.BANDA
VALUES('hz', 'Hanz Zimmer',  351922233224, 'hz@gmail.com', 1, 'Clássico');

INSERT INTO EM.BANDA
VALUES('ib', 'IssaBella',  351923430024, 'ib@gmail.com', 4, 'Jazz');

INSERT INTO EM.BANDA
VALUES('lb', 'Luisa Sobral',  351911233224, 'sobral@gmail.com', 1, 'Jazz');

INSERT INTO EM.BANDA
VALUES('tht', 'Toothless',  351910939724, 'toothless@gmail.com', 3, 'Metal');

INSERT INTO EM.BANDA
VALUES('gj', 'Gojira',  351910939724, 'gjr@gmail.com', 5, 'Metal');

INSERT INTO EM.BANDA
VALUES('reo', 'Reo Speedwagon',  351920222724, 'reo.speed@gmail.com', 5, 'Pop');

SELECT * FROM EM.BANDA;

/*  BANDAS  */
INSERT INTO EM.COMITIVA
VALUES('Comitivaff', 'ffcomitive@hotmail.com', 142522301102, 'ff');

INSERT INTO EM.COMITIVA
VALUES('Comitivanm', 'mouracm@hotmail.com', 351921101182, 'anm');

INSERT INTO EM.COMITIVA
VALUES('Comitivacc', 'comitiveconnors@hotmail.com', 142188081102, 'cc');

INSERT INTO EM.COMITIVA
VALUES('Comitivacdb', 'comitivecdb@hotmail.com', 142132281302, 'cdb');

INSERT INTO EM.COMITIVA
VALUES('Comitivacpt', 'carminho.comitiva@gmail.com', 351927783302, 'cpt');

INSERT INTO EM.COMITIVA
VALUES('Comitivadb', 'combo.comitiva@gmail.com', 351927182121, 'db');

INSERT INTO EM.COMITIVA
VALUES('Comitivaes', 'comitive.sheeran@hotmail.com', 142535686662, 'es');

INSERT INTO EM.COMITIVA
VALUES('Comitivagd', 'green.comitive@hotmail.com', 142525282222, 'gd');

INSERT INTO EM.COMITIVA
VALUES('Comitivajp', 'palma.comitive@hotmail.com', 351925112302, 'jp');

INSERT INTO EM.COMITIVA
VALUES('Comitivajw', 'cm.white@hotmail.com', 351933087302, 'jw');

INSERT INTO EM.COMITIVA
VALUES('Comitivama', 'araujo.comitive@hotmail.com', 351921012300, 'ma');

INSERT INTO EM.COMITIVA
VALUES('Comitivammj', 'jacket.comitive@hotmail.com', 351935332102, 'mmj');

INSERT INTO EM.COMITIVA
VALUES('Comitivanj', 'jones.comitive@hotmail.com', 142515080266, 'nj');

INSERT INTO EM.COMITIVA
VALUES('Comitivaon', 'negra.com@gmail.com', 351966316102, 'on');

INSERT INTO EM.COMITIVA
VALUES('Comitivaosdc', 'chicago.comitive@gmail.com', 351911410000, 'osdc');

INSERT INTO EM.COMITIVA
VALUES('Comitivaqb', 'barreiros.comitive@gmail.com', 351926417802, 'qb');

INSERT INTO EM.COMITIVA
VALUES('Comitivarv', 'veloso.comitive@gmail.com', 351922010002, 'rv');

INSERT INTO EM.COMITIVA
VALUES('Comitivaslr', 'slayer.comitive@gmail.com', 142527232120, 'slr');

INSERT INTO EM.COMITIVA
VALUES('Comitivatba', 'angels.comitive@gmail.com', 142521212110, 'tba');

INSERT INTO EM.COMITIVA
VALUES('Comitivatbk', 'comitive.keys@gmail.com', 142527838327, 'tbk');

INSERT INTO EM.COMITIVA
VALUES('Comitivatk', 'comitive.kills@gmail.com', 142527131337, 'tk');

INSERT INTO EM.COMITIVA
VALUES('Comitivatoy', 'comitiva.toy@gmail.com', 351927001017, 'toy');

INSERT INTO EM.COMITIVA
VALUES('Comitivaxp', 'comitiva.xutos@gmail.com', 351937343447, 'xp');

INSERT INTO EM.COMITIVA
VALUES('Comitivalb', 'comitiva.sobral@gmail.com', 351937343447, 'lb');

INSERT INTO EM.COMITIVA
VALUES('Comitivagj', 'comitive.gojira@gmail.com', 351931111447, 'gj');

INSERT INTO EM.COMITIVA
VALUES('Comitivareo', 'comitive.reo@gmail.com', 351921222447, 'reo');


SELECT * FROM EM.COMITIVA;

/*	PESSOA MUSICO ACOMPANHANTE TECNICO 	*/
INSERT INTO EM.PESSOA VALUES (32133603, 'antonio@gmail.com', 'Paulo António', 'm', 'Comitivaxp'),
							 (10122303, 'americo@gmail.com', 'Américo Alves', 'm', 'Comitivaxp'),
							 (12125545, 'gomes2010@gmail.com', 'Laura Gomes', 'f', 'Comitivaxp'),
							 (32135313, 'marco2010@gmail.com', 'Marco António', 'm', 'Comitivaxp'),
							 (22135444, 'imaculada@gmail.com', 'Maria Imaculada Nogueira', 'f', 'Comitivaxp'),
							 (10136732, 'ct@gmail.com', 'Cláudio Teixeira', 'm', 'Comitivaxp');
INSERT INTO EM.TECNICO VALUES(32133603, 'Técnico de Som'),
							 (10122303, 'Técnico de Luz'),
							 (12125545, 'Técnico de Som'),
							 (32135313, 'Técnico de Som');
INSERT INTO EM.ACOMPANHANTE VALUES(22135444, 'Familiar'),
								  (10136732, 'Amigo');



INSERT INTO EM.PESSOA VALUES(90930932, 'pp@gmail.com', 'Peter Parker', 'm', 'Comitivatoy'),
							(91911911, 'af@gmail.com', 'Ana Futre', 'f', 'Comitivatoy'),
							(92922911, 'pab@gmail.com', 'Paulo A. Bartolomeu', 'm', 'Comitivatoy'),
							(92922933, 'aab@gmail.com', 'André A. Bartolomeu', 'm', 'Comitivatoy');
INSERT INTO EM.ACOMPANHANTE VALUES(90930932, 'Amigo'),
								  (91911911, 'Familiar');
INSERT INTO EM.MUSICO VALUES(92922911, 'Bartolomeu', 'toy'),
							(92922933, 'AA Bartolomeu', 'toy');



INSERT INTO EM.PESSOA VALUES(02021133, 'tm@gmail.com', 'Tony Mosshart', 'm', 'Comitivatk'),
							(12321333, 'th@gmail.com', 'Tony Hince', 'm', 'Comitivatk'),
							(42424134, 'tm@gmail.com', 'Alex Santos', 'm', 'Comitivatk'),
							(12114134, 'tm@gmail.com', 'Mary Rose', 'f', 'Comitivatk');
INSERT INTO EM.ACOMPANHANTE VALUES(02021133, 'Familiar'),
								  (12321333, 'Familiar'),
								  (42424134, 'Amigo');
INSERT INTO EM.TECNICO VALUES(12114134, 'Técnico de Som');



INSERT INTO EM.PESSOA VALUES(52524134, 'kind@gmail.com', 'Richard Kind', 'm', 'Comitivatbk'),
							(52524111, 'mcarney@gmail.com', 'Michael Carney', 'm', 'Comitivatbk'),
							(62524134, 'at2020@gmail.com', 'Antony Theron', 'm', 'Comitivatbk'),
							(72524134, 'lt2020@gmail.com', 'Louise Theron', 'm', 'Comitivatbk'),
							(78884134, 'am@gmail.com', 'Arma Louis', 'f', 'Comitivatbk');
INSERT INTO EM.ACOMPANHANTE VALUES(52524134, 'Amigo'),
								  (52524111, 'Familiar');
INSERT INTO EM.TECNICO VALUES(62524134, 'Técnico de Som'),
							 (72524134, 'Técnico de Guitarras'),
							 (78884134, 'Técnico de Guitarras');



INSERT INTO EM.PESSOA VALUES(33534134, 'cc2020@gmail.com', 'Carla Costa', 'f', 'Comitivatba'),
							(12111134, 'lt2020@gmail.com', 'Paulo Dias', 'm', 'Comitivatba'),
							(78114134, 'msmith@gmail.com', 'Mary Smith', 'f', 'Comitivatba');
INSERT INTO EM.TECNICO VALUES(33534134, 'Técnico de Guitarras'),
							 (78114134, 'Técnico de Luz');
INSERT INTO EM.ACOMPANHANTE VALUES(12111134, 'Familiar');



INSERT INTO EM.PESSOA VALUES(77884134, 'robbins@gmail.com', 'Tony Robbins', 'm', 'Comitivaslr'),
							(72821111, 'hal@gmail.com', 'Hal Smith', 'm', 'Comitivaslr'),
							(12421411, 'msmith@gmail.com', 'Mathew Smith', 'm', 'Comitivaslr'),
							(13421433, 'all1999@gmail.com', 'Allison Carlson Smith', 'f', 'Comitivaslr');
INSERT INTO EM.TECNICO VALUES(77884134, 'Técnico de Guitarras'),
							 (12421411, 'Técnico de Luz'),
							 (13421433, 'Técnico de Som');
INSERT INTO EM.ACOMPANHANTE VALUES(72821111, 'Familiar');



INSERT INTO EM.PESSOA VALUES(73727433, 'pv456@gmail.com', 'Paulo Veloso', 'm', 'Comitivarv'),
					        (88827433, 'amv@gmail.com', 'Alma Veloso', 'f', 'Comitivarv'),
							(18821431, 'jr@gmail.com', 'José Rodrigues', 'm', 'Comitivarv'),
							(28221431, 'al234@gmail.com', 'Isabel Alves', 'f', 'Comitivarv');
INSERT INTO EM.ACOMPANHANTE VALUES(73727433, 'Familiar'),
								  (88827433, 'Familiar');
INSERT INTO EM.TECNICO VALUES(18821431, 'Técnico de Som'),
							 (28221431, 'Técnico de Luz');



INSERT INTO EM.PESSOA VALUES(28221432, 'al232@gmail.com', 'Alice Oliveira', 'f', 'Comitivaqb'),
							(78223432, 'al234@gmail.com', 'Paulo Souza', 'm', 'Comitivaqb'),
							(24521431, 'ms23@gmail.com', 'Mariana Soares', 'f', 'Comitivaqb');
INSERT INTO EM.TECNICO VALUES(28221432, 'Técnico de Luz'),
							 (78223432, 'Técnico de Luz');
INSERT INTO EM.ACOMPANHANTE VALUES(24521431, 'Amigo');


INSERT INTO EM.PESSOA VALUES(33241432, 'mc1232@gmail.com', 'Mike Cranston', 'm', 'Comitivaosdc'),
							(12251431, 'fields@gmail.com', 'Susan Fields', 'f', 'Comitivaosdc'),
							(73511000, 'hl3@gmail.com', 'Harry Lorne', 'm', 'Comitivaosdc'),
							(22211033, 'lewisl@gmail.com', 'Lewis Fields', 'm', 'Comitivaosdc'),
							(44211033, 'mf232@gmail.com', 'Mary Fields', 'f', 'Comitivaosdc');
INSERT INTO EM.TECNICO VALUES(33241432, 'Técnico de Som'),
							 (12251431, 'Técnico de Luz'),
							 (73511000, 'Técnico de Guitarras');
INSERT INTO EM.ACOMPANHANTE VALUES(22211033, 'Amigo'),
								  (44211033, 'Familiar');



INSERT INTO EM.PESSOA VALUES(13600732, 'anibalc@gmail.com', 'Anibal Cardoso', 'm', 'Comitivaon'),
							(12601231, 'fields@gmail.com', 'Susana Augusto', 'f', 'Comitivaon'),
							(12611660, 'cardosopaulo@gmail.com', 'Paulo Cardoso', 'm', 'Comitivaon'),
							(10572223, 'andrade.marco@gmail.com', 'Marco Andrade', 'm', 'Comitivaon'),
							(22772773, 'antunes@gmail.com', 'António Antunes', 'm', 'Comitivaon'),
							(27271077, 'luisa.costa232@gmail.com', 'Luísa Costa', 'f', 'Comitivaon');
INSERT INTO EM.TECNICO VALUES(12611660, 'Técnico de Som'),
							 (10572223, 'Técnico de Luz'),
							 (22772773, 'Técnico de Guitarras');
INSERT INTO EM.ACOMPANHANTE VALUES(13600732, 'Amigo'),
								  (12601231, 'Familiar'),
								  (27271077, 'Amigo');



INSERT INTO EM.PESSOA VALUES(12622032, 'benneth45@gmail.com', 'Jonh Benneth', 'm', 'Comitivanj'),
							(92708291, 'ratherdonny@gmail.com', 'Donny Rahter', 'm', 'Comitivanj'),
							(10332260, 'murphy@gmail.com', 'Anne Murphy', 'f', 'Comitivanj'),
							(16642003, 'rose.jonnhy@gmail.com', 'Jonnhy Rose', 'm', 'Comitivanj'),
							(32300003, 'milakunis@gmail.com', 'Mila Kunis', 'f', 'Comitivanj');
INSERT INTO EM.TECNICO VALUES(12622032, 'Técnico de Som'),
							 (10332260, 'Técnico de Luz'),
							 (92708291, 'Técnico de Som');
INSERT INTO EM.ACOMPANHANTE VALUES(16642003, 'Amigo'),
								  (32300003, 'Amigo');



INSERT INTO EM.PESSOA VALUES(13623033, 'stan.smith@gmail.com', 'Stan Smith', 'm', 'Comitivammj'),
							(77708222, 'alice456@gmail.com', 'Alice Cantrell', 'm', 'Comitivammj'),
							(16316660, 'f.smith@gmail.com', 'Francine Smith', 'f', 'Comitivammj'),
							(96122405, 'tony.h@gmail.com', 'Tony Hawkins', 'm', 'Comitivammj'),
							(72300000, 'louise.michaels@gmail.com', 'Louise Michaels', 'f', 'Comitivammj');
INSERT INTO EM.TECNICO VALUES(77708222, 'Técnico de Som'),
							 (96122405, 'Técnico de Luz'),
							 (72300000, 'Técnico de Som');
INSERT INTO EM.ACOMPANHANTE VALUES(13623033, 'Amigo'),
								  (16316660, 'Amigo');


								  
INSERT INTO EM.PESSOA VALUES(24623033, 'gameiro.joana@gmail.com', 'Joana Gameiro', 'f', 'Comitivama'),
							(66708266, 'soares.alex@gmail.com', 'Alexandre Soares', 'm', 'Comitivama'),
							(13336161, 'marquesmariana@gmail.com', 'Mariana Marques', 'f', 'Comitivama'),
							(76180005, 'jss1205@gmail.com', 'José Santos Silva', 'm', 'Comitivama'),
							(72333300, 'costa453@gmail.com', 'Martim Costa', 'm', 'Comitivama');
INSERT INTO EM.TECNICO VALUES(13336161, 'Técnico de Som'),
							 (76180005, 'Técnico de Luz'),
							 (72333300, 'Técnico de Som');
INSERT INTO EM.ACOMPANHANTE VALUES(24623033, 'Amigo'),
								  (66708266, 'Familiar');



INSERT INTO EM.PESSOA VALUES(99923033, 'azar.drummer@gmail.com', 'Carla Azar', 'f', 'Comitivajw'),
							(66238266, 'soares.alex@gmail.com', 'Meg White', 'f', 'Comitivajw'),
							(11136551, 'marquesmariana@gmail.com', 'Jimmy Fallon', 'm', 'Comitivajw'),
							(06155505, 'jss1205@gmail.com', 'Paul Tomphson', 'm', 'Comitivajw'),
							(02111301, 'costa453@gmail.com', 'Lois Griffin', 'f', 'Comitivajw');
INSERT INTO EM.TECNICO VALUES(99923033, 'Técnico de Som'),
							 (06155505, 'Técnico de Luz'),
							 (02111301, 'Técnico de Som');
INSERT INTO EM.ACOMPANHANTE VALUES(66238266, 'Familiar'),
								  (11136551, 'Amigo');



INSERT INTO EM.PESSOA VALUES(70007433, 'pv456@gmail.com', 'Carlos Palma', 'm', 'Comitivajp'),
					        (80227433, 'ap456@gmail.com', 'Artur Palma', 'm', 'Comitivajp'),
							(18111400, 'th.mar@gmail.com', 'Thiago Martins', 'm', 'Comitivajp'),
							(20000431, 'al234@gmail.com', 'Isabel Alves', 'f', 'Comitivajp');
INSERT INTO EM.ACOMPANHANTE VALUES(70007433, 'Familiar'),
								  (80227433, 'Familiar');
INSERT INTO EM.TECNICO VALUES(18111400, 'Técnico de Som'),
							 (20000431, 'Técnico de Luz');



INSERT INTO EM.PESSOA VALUES(70608436, 'cavallo456@gmail.com', 'Rob Cavallo', 'm', 'Comitivagd'),
					        (80527506, 'addrianne@gmail.com', 'Adrianne Armstrong', 'f', 'Comitivagd'),
							(28220000, 'tim.armstrong@gmail.com', 'Tim Armstrong', 'm', 'Comitivagd'),
							(26620431, 'dirnt.isabel@gmail.com', 'Isabel Dirnt', 'f', 'Comitivagd'),
							(20700771, 'lewis.2050@gmail.com', 'Mike Lewis', 'm', 'Comitivagd'),
							(90220431, 'cohen.4789@gmail.com', 'Rob Cohen', 'm', 'Comitivagd');
INSERT INTO EM.ACOMPANHANTE VALUES(80527506, 'Familiar'),
								  (28220000, 'Familiar'),
								  (26620431, 'Familiar');
INSERT INTO EM.TECNICO VALUES(70608436, 'Técnico de Som'),
							 (20700771, 'Técnico de Luz'),
							 (90220431, 'Técnico de Guitarras');



INSERT INTO EM.PESSOA VALUES(10648434, 'ellie.789@gmail.com', 'Ellie Sheeran', 'f', 'Comitivaes'),
					        (19110306, 'harrington.123@gmail.com', 'Hal Harrington', 'm', 'Comitivaes'),
							(77720000, 'gold.jennie@gmail.com', 'Jennie Gold', 'm', 'Comitivaes'),
							(46444431, 'ricky.spanish@gmail.com', 'Ricky Spanish', 'm', 'Comitivaes');
INSERT INTO EM.ACOMPANHANTE VALUES(10648434, 'Familiar'),
								  (19110306, 'Amigo');
INSERT INTO EM.TECNICO VALUES(77720000, 'Técnico de Som'),
							 (46444431, 'Técnico de Luz');



INSERT INTO EM.PESSOA VALUES(21060004, 'palmeirim@gmail.com', 'Vasco Palmeirim', 'm', 'Comitivadb'),
					        (11110006, 'gomes.patricia@gmail.com', 'Patricia Gomes', 'f', 'Comitivadb'),
							(07620330, 'pimpao@gmail.com', 'João Pimpão', 'm', 'Comitivadb'),
							(84644561, 'lisboa.123@gmail.com', 'José Lisboa', 'm', 'Comitivadb');
INSERT INTO EM.ACOMPANHANTE VALUES(84644561, 'Familiar'),
								  (07620330, 'Amigo');
INSERT INTO EM.TECNICO VALUES(11110006, 'Técnico de Som'),
							 (21060004, 'Técnico de Luz');



INSERT INTO EM.PESSOA VALUES(21300334, 'ponte.maria@gmail.com', 'Maria Ponte', 'f', 'Comitivacpt'),
					        (13310336, 'pires.123@gmail.com', 'Fábio Pires', 'f', 'Comitivacpt'),
							(17600440, 'ferreira.123@gmail.com', 'Hinácio Ferreira', 'm', 'Comitivacpt'),
							(04600561, 'mendes.francisco@gmail.com', 'Francisco Mendes', 'm', 'Comitivacpt');
INSERT INTO EM.ACOMPANHANTE VALUES(04600561, 'Familiar'),
								  (21300334, 'Amigo');
INSERT INTO EM.TECNICO VALUES(17600440, 'Técnico de Som'),
							 (13310336, 'Técnico de Luz');



INSERT INTO EM.PESSOA VALUES (39149996, 'connors.mary@gmail.com', 'Mary Connors', 'f', 'Comitivacc'),
							 (08818124, 'carlsberg@gmail.com', 'Carl Carlsberg', 'm', 'Comitivacc'),
							 (77607375, 'prince.stuar@gmail.com', 'Stuart Prince', 'm', 'Comitivacc'),
							 (55145513, 'phill.dunphy@gmail.com', 'Phill Dunphy', 'm', 'Comitivacc'),
							 (22230001, 'luke.dunphy@gmail.com', 'Luke Dunphy', 'm', 'Comitivacc');
INSERT INTO EM.TECNICO VALUES(08818124, 'Técnico de Som'),
							 (55145513, 'Técnico de Luz'),
							 (22230001, 'Técnico de Som');
INSERT INTO EM.ACOMPANHANTE VALUES(77607375, 'Amigo'),
								  (39149996, 'Familiar');



INSERT INTO EM.PESSOA VALUES (19119911, 'davies.elizabeth@gmail.com', 'Elizabeth Davies', 'f', 'Comitivacdb'),
							 (38313134, 'oliver.jonh@gmail.com', 'Jonh Oliver', 'm', 'Comitivacdb'),
							 (75657555, 'mclaren@gmail.com', 'Michelle Mclaren', 'f', 'Comitivacdb'),
							 (55818583, 'hayley.smith@gmail.com', 'Hayley Smith', 'f', 'Comitivacdb'),
							 (22290999, 'donovan@gmail.com', 'Mike Donovan', 'm', 'Comitivacdb');
INSERT INTO EM.TECNICO VALUES(38313134, 'Técnico de Som'),
							 (75657555, 'Técnico de Luz'),
							 (22290999, 'Técnico de Som');
INSERT INTO EM.ACOMPANHANTE VALUES(55818583, 'Amigo'),
								  (19119911, 'Familiar');



INSERT INTO EM.PESSOA VALUES (37140566, 'pp@gmail.com', 'Pedro Pedrosa', 'm', 'Comitivanm'),
							 (00111124, 'alenquer@gmail.com', 'Catarina Alenquer', 'f', 'Comitivanm'),
							 (54606305, 'lina7895@gmail.com', 'Lina Almeida', 'f', 'Comitivanm'),
							 (43147413, 'f.santos@gmail.com', 'Filipa Santos', 'f', 'Comitivanm'),
							 (61131141, 'horacio@gmail.com', 'Horácio Costa', 'm', 'Comitivanm');
INSERT INTO EM.TECNICO VALUES(61131141, 'Técnico de Som'),
							 (54606305, 'Técnico de Luz'),
							 (37140566, 'Técnico de Som');
INSERT INTO EM.ACOMPANHANTE VALUES(43147413, 'Amigo'),
								  (00111124, 'Familiar');



INSERT INTO EM.PESSOA VALUES (07100703, 'griffin.dale@gmail.com', 'Dale Griffin', 'm', 'Comitivaff'),
							 (20122224, 'vig.butch@gmail.com', 'Butch Vig', 'm', 'Comitivaff'),
							 (44124005, 'kurstin@gmail.com', 'Greg Kurstin', 'm', 'Comitivaff'),
							 (02167313, 'violet@gmail.com', 'Violet Grohl', 'f', 'Comitivaff'),
							 (62135744, 'rick.hawk@gmail.com', 'Rick Hawkins', 'm', 'Comitivaff'),
							 (10446732, 'm.smear@gmail.com', 'Mary Smear', 'f', 'Comitivaff');
INSERT INTO EM.TECNICO VALUES(07100703, 'Técnico de Som'),
							 (20122224, 'Técnico de Luz'),
							 (44124005, 'Técnico de Som');
INSERT INTO EM.ACOMPANHANTE VALUES(02167313, 'Familiar'),
								  (62135744, 'Familiar'),
								  (10446732, 'Familiar');



INSERT INTO EM.PESSOA VALUES (07122733, 'sobral.salvador@gmail.com', 'Salvador Sobral', 'm', 'Comitivalb'),
							 (20123334, 'andrade.artur@gmail.com', 'Artur Andrade', 'm', 'Comitivalb'),
							 (50556732, 'm.matias@gmail.com', 'Mariana Matias', 'f', 'Comitivalb');
INSERT INTO EM.TECNICO VALUES(20123334, 'Técnico de Som'),
							 (50556732, 'Técnico de Luz');
INSERT INTO EM.ACOMPANHANTE VALUES(07122733, 'Familiar');



INSERT INTO EM.PESSOA VALUES (00166733, 'matthew.lewis@gmail.com', 'Matthew Lewis', 'm', 'Comitivagj'),
							 (20122234, 'susan.silver@gmail.com', 'Susan Silver', 'f', 'Comitivagj'),
							 (80588732, 'stan.r@gmail.com', 'Stan Reynolds', 'm', 'Comitivagj');
INSERT INTO EM.TECNICO VALUES(20122234, 'Técnico de Som'),
							 (80588732, 'Técnico de Luz');
INSERT INTO EM.ACOMPANHANTE VALUES(00166733, 'Amigo');



INSERT INTO EM.PESSOA VALUES (02122233, 'robert.lewis@gmail.com', 'Robert Lewis', 'm', 'Comitivareo'),
							 (24433234, 'marty.silver@gmail.com', 'Marty Silver', 'f', 'Comitivareo');
INSERT INTO EM.TECNICO VALUES(02122233, 'Técnico de Som'),
							 (24433234, 'Técnico de Luz');

SELECT * FROM EM.PESSOA;
SELECT * FROM EM.TECNICO;
SELECT * FROM EM.ACOMPANHANTE;
SELECT * FROM EM.MUSICO;

/*	REFEICAO	*/
INSERT INTO EM.REFEICAO VALUES(0, 20, 100000012, 'Carne', 'Gelado', 'Agua'),
							  (1, 20, 100000012, 'Peixe', 'Bolo de Chocolate', 'Agua'),
							  (2, 20, 100000012, 'Vegetariano', 'Fruta', 'Vinho Verde');

INSERT INTO EM.REFEICAO VALUES(3, 19, 100011612, 'Carne', 'Bolo de Mel', 'Agua'),
							  (4, 19, 100011612, 'Peixe', 'Gelado', 'Vinho Branco'),
							  (5, 18, 100011612, 'Vegetariano', 'Pudim', 'Vinho Verde');

INSERT INTO EM.REFEICAO VALUES(6, 18, 100132712, 'Carne', 'Salada de Fruta', 'Agua'),
							  (7, 17, 100132712, 'Peixe', 'Gelado', 'Vinho Branco'),
							  (8, 16, 100132712, 'Vegetariano', 'Fruta', 'Vinho Verde');

INSERT INTO EM.REFEICAO VALUES(9, 15, 100355512, 'Carne', 'Semi-Frio', 'Agua'),
							  (10, 14, 100355512, 'Peixe', 'Bolo de Ananás', 'Agua'),
							  (11, 13, 100355512, 'Vegetariano', 'Fruta', 'Sumo de Laranja');

INSERT INTO EM.REFEICAO VALUES(12, 13, 100455812, 'Carne', 'Salada de Fruta', 'Agua'),
							  (13, 12, 100540212, 'Carne', 'Arroz Doce', 'Refrigerantes'),
							  (14, 12, 101200312, 'Carne', 'Fruta', 'Sumo de Laranja');

INSERT INTO EM.REFEICAO VALUES(15, 11, 101234912, 'Carne', 'Salada de Fruta', 'Agua'),
							  (16, 10, 101234912, 'Vegetariano', 'Bolo de Ananás', 'Refrigerantes'),
							  (17, 9, 101234912, 'Vegan', 'Bolo de Chocolate', 'Vinho Branco');

INSERT INTO EM.REFEICAO VALUES(18, 8, 100000012, 'Carne', 'Bolo de Iogurte', 'Agua'),
							  (19, 7, 100011612, 'Carne', 'Fruta', 'Vinho Verde'),
							  (20, 5, 100455812, 'Peixe', 'Bolo de Chocolate', 'Vinho Branco');

INSERT INTO EM.REFEICAO VALUES(21, 3, 101200312, 'Carne', 'Salada de Fruta', 'Agua'),
							  (22, 2, 101234912, 'Vegetariano', 'Bolo de Ananás', 'Refrigerantes'),
							  (23, 1, 103120412, 'Vegan', 'Bolo de Chocolate', 'Vinho Branco');

SELECT * FROM EM.REFEICAO;						

/*	CONCERTO SOUNDCHECK	*/
INSERT INTO EM.SOUNDCHECK VALUES(1, '00:30','2021-06-01 11:00:00');
INSERT INTO EM.CONCERTO VALUES(1, '2021-06-01 21:00:00', '03:00', 'ff', 11, 1);

INSERT INTO EM.SOUNDCHECK VALUES(2, '00:30','2021-09-02 10:00:00');
INSERT INTO EM.CONCERTO VALUES(2, '2021-09-02 21:00:00', '03:00', 'ff', 13, 2);

INSERT INTO EM.SOUNDCHECK VALUES(3, '00:20','2019-05-02 10:00:00');
INSERT INTO EM.CONCERTO VALUES(3, '2021-09-02 22:00:00', '01:00', 'xp', 4, 3);

INSERT INTO EM.SOUNDCHECK VALUES(4, '00:40','2019-08-02 09:00:00');
INSERT INTO EM.CONCERTO VALUES(4, '2019-08-02 20:00:00', '01:00', 'hz', 17, 4);

INSERT INTO EM.SOUNDCHECK VALUES(5, '00:50','2020-06-05 08:00:00');
INSERT INTO EM.CONCERTO VALUES(5, '2020-06-05 21:00:00', '02:00', 'osdc', 6, 5);


INSERT INTO EM.SOUNDCHECK VALUES(6, '00:30','2018-06-01 09:00:00');
INSERT INTO EM.CONCERTO VALUES(6, '2018-06-01 19:00:00', '02:00', 'ff', 1, 6);

INSERT INTO EM.SOUNDCHECK VALUES(7, '00:30','2018-06-01 09:30:00');
INSERT INTO EM.CONCERTO VALUES(7, '2018-06-01 21:30:00', '02:00', 'gd', 1, 7);

INSERT INTO EM.SOUNDCHECK VALUES(8, '00:30','2018-06-02 09:00:00');
INSERT INTO EM.CONCERTO VALUES(8, '2018-06-02 19:00:00', '02:00', 'subs', 1, 8);

INSERT INTO EM.SOUNDCHECK VALUES(9, '00:30','2018-06-02 09:30:00');
INSERT INTO EM.CONCERTO VALUES(9, '2018-06-02 21:30:00', '02:00', 'xp', 1, 9);



INSERT INTO EM.SOUNDCHECK VALUES(10, '00:30','2019-04-01 08:00:00');
INSERT INTO EM.CONCERTO VALUES(10, '2019-04-01 21:00:00', '01:00', 'nj', 2, 10);

INSERT INTO EM.SOUNDCHECK VALUES(11, '00:30','2019-04-02 08:00:00');
INSERT INTO EM.CONCERTO VALUES(11, '2019-04-02 21:00:00', '01:00', 'cdb', 2, 11);

INSERT INTO EM.SOUNDCHECK VALUES(12, '00:30','2019-04-03 08:00:00');
INSERT INTO EM.CONCERTO VALUES(12, '2019-04-03 21:00:00', '01:00', 'db', 2, 12);

INSERT INTO EM.SOUNDCHECK VALUES(13, '00:30','2019-04-04 08:00:00');
INSERT INTO EM.CONCERTO VALUES(13, '2019-04-04 21:00:00', '01:00', 'ib', 2, 13);

INSERT INTO EM.SOUNDCHECK VALUES(14, '00:30','2019-04-05 08:00:00');
INSERT INTO EM.CONCERTO VALUES(14, '2019-04-05 21:00:00', '01:00', 'lb', 2, 14);



INSERT INTO EM.SOUNDCHECK VALUES(15, '00:20','2019-06-01 15:00:00');
INSERT INTO EM.CONCERTO VALUES(15, '2019-06-01 22:00:00', '01:00', 'bnz', 3, 15);

INSERT INTO EM.SOUNDCHECK VALUES(16, '00:20','2019-06-02 15:00:00');
INSERT INTO EM.CONCERTO VALUES(16, '2019-06-02 22:00:00', '01:00', 'db&men', 3, 16);

INSERT INTO EM.SOUNDCHECK VALUES(17, '00:20','2019-06-03 15:00:00');
INSERT INTO EM.CONCERTO VALUES(17, '2019-06-03 22:00:00', '01:00', 'mm', 3, 17);



INSERT INTO EM.SOUNDCHECK VALUES(18, '00:40','2020-05-01 10:00:00');
INSERT INTO EM.CONCERTO VALUES(18, '2020-05-01 23:00:00', '02:00', 'cr', 5, 18);

INSERT INTO EM.SOUNDCHECK VALUES(19, '00:40','2020-05-02 10:00:00');
INSERT INTO EM.CONCERTO VALUES(19, '2020-05-02 23:00:00', '02:00', 'pbld', 5, 19);

INSERT INTO EM.SOUNDCHECK VALUES(20, '00:40','2020-05-03 10:00:00');
INSERT INTO EM.CONCERTO VALUES(20, '2020-05-03 23:00:00', '02:00', 'slr', 5, 20);

INSERT INTO EM.SOUNDCHECK VALUES(21, '00:40','2020-05-04 10:00:00');
INSERT INTO EM.CONCERTO VALUES(21, '2020-05-04 23:00:00', '02:00', 'tht', 5, 21);

INSERT INTO EM.SOUNDCHECK VALUES(22, '00:40','2020-05-05 10:00:00');
INSERT INTO EM.CONCERTO VALUES(22, '2020-05-05 23:00:00', '02:00', 'gj', 5, 22);



INSERT INTO EM.SOUNDCHECK VALUES(23, '00:30','2021-01-30 11:00:00');
INSERT INTO EM.CONCERTO VALUES(23, '2020-01-30 21:00:00', '02:00', 'rv', 7, 23);

INSERT INTO EM.SOUNDCHECK VALUES(24, '00:30','2021-01-31 11:00:00');
INSERT INTO EM.CONCERTO VALUES(24, '2020-01-31 21:00:00', '02:00', 'cpt', 7, 24);

INSERT INTO EM.SOUNDCHECK VALUES(25, '00:30','2021-02-01 11:00:00');
INSERT INTO EM.CONCERTO VALUES(25, '2020-02-01 21:00:00', '02:00', 'db', 7, 25);

INSERT INTO EM.SOUNDCHECK VALUES(26, '00:30','2021-02-02 11:00:00');
INSERT INTO EM.CONCERTO VALUES(26, '2020-02-02 21:00:00', '02:00', 'jp', 7, 26);



INSERT INTO EM.SOUNDCHECK VALUES(27, '00:25','2020-08-01 11:00:00');
INSERT INTO EM.CONCERTO VALUES(27, '2020-08-01 22:00:00', '02:00', 'toy', 8, 27);

INSERT INTO EM.SOUNDCHECK VALUES(28, '00:25','2020-08-02 11:00:00');
INSERT INTO EM.CONCERTO VALUES(28, '2020-08-02 22:00:00', '02:00', 'xp', 8, 28);



INSERT INTO EM.SOUNDCHECK VALUES(29, '00:25','2020-08-01 10:30:00');
INSERT INTO EM.CONCERTO VALUES(29, '2020-08-01 20:00:00', '02:00', 'tbk', 9, 29);

INSERT INTO EM.SOUNDCHECK VALUES(30, '00:25','2020-08-02 11:00:00');
INSERT INTO EM.CONCERTO VALUES(30, '2018-08-01 22:00:00', '02:00', 'jw', 9, 30);



INSERT INTO EM.SOUNDCHECK VALUES(31, '00:20','2019-05-01 10:00:00');
INSERT INTO EM.CONCERTO VALUES(31, '2019-05-01 20:00:00', '02:00', 'rv', 10, 30);

INSERT INTO EM.SOUNDCHECK VALUES(32, '00:20','2019-05-02 10:00:00');
INSERT INTO EM.CONCERTO VALUES(32, '2019-05-02 20:00:00', '02:00', 'on', 10, 32);

INSERT INTO EM.SOUNDCHECK VALUES(33, '00:20','2019-05-03 10:00:00');
INSERT INTO EM.CONCERTO VALUES(33, '2019-05-03 20:00:00', '02:00', 'anm', 10, 33);



INSERT INTO EM.SOUNDCHECK VALUES(34, '00:25','2019-02-02 10:00:00');
INSERT INTO EM.CONCERTO VALUES(34, '2019-02-02 20:00:00', '02:00', 'es', 12, 34);

INSERT INTO EM.SOUNDCHECK VALUES(35, '00:25','2019-02-03 10:00:00');
INSERT INTO EM.CONCERTO VALUES(35, '2019-02-03 20:00:00', '02:00', 'cc', 12, 35);



INSERT INTO EM.SOUNDCHECK VALUES(36, '00:30','2022-05-02 10:00:00');
INSERT INTO EM.CONCERTO VALUES(36, '2022-05-02 20:00:00', '02:00', 'mmj', 14, 36);

INSERT INTO EM.SOUNDCHECK VALUES(37, '00:30','2022-05-03 10:00:00');
INSERT INTO EM.CONCERTO VALUES(37, '2022-05-03 20:00:00', '02:00', 'tba', 14, 37);

INSERT INTO EM.SOUNDCHECK VALUES(38, '00:30','2022-05-04 10:00:00');
INSERT INTO EM.CONCERTO VALUES(38, '2022-05-04 20:00:00', '02:00', 'tk', 14, 38);



INSERT INTO EM.SOUNDCHECK VALUES(39, '00:30','2019-05-01 10:00:00');
INSERT INTO EM.CONCERTO VALUES(39, '2019-05-01 20:00:00', '02:00', 'anm', 15, 39);

INSERT INTO EM.SOUNDCHECK VALUES(40, '00:30','2019-05-02 10:00:00');
INSERT INTO EM.CONCERTO VALUES(40, '2019-05-02 20:00:00', '02:00', 'cpt', 15, 40);

INSERT INTO EM.SOUNDCHECK VALUES(41, '00:30','2019-05-03 10:00:00');
INSERT INTO EM.CONCERTO VALUES(41, '2019-05-03 20:00:00', '02:00', 'anm', 15, 41);

INSERT INTO EM.SOUNDCHECK VALUES(42, '00:30','2019-05-04 10:00:00');
INSERT INTO EM.CONCERTO VALUES(42, '2019-05-04 20:00:00', '02:00', 'cpt', 15, 42);



INSERT INTO EM.SOUNDCHECK VALUES(43, '00:30','2019-08-01 10:00:00');
INSERT INTO EM.CONCERTO VALUES(43, '2019-08-01 19:45:00', '02:00', 'slr', 16, 43);

INSERT INTO EM.SOUNDCHECK VALUES(44, '00:30','2019-08-01 10:30:00');
INSERT INTO EM.CONCERTO VALUES(44, '2019-08-01 22:25:00', '02:00', 'gj', 16, 44);



INSERT INTO EM.SOUNDCHECK VALUES(45, '00:30','2020-03-02 10:30:00');
INSERT INTO EM.CONCERTO VALUES(45, '2020-03-02 22:00:00', '03:00', 'qb', 18, 45);

INSERT INTO EM.SOUNDCHECK VALUES(46, '00:30','2020-03-03 10:30:00');
INSERT INTO EM.CONCERTO VALUES(46, '2020-03-03 22:00:00', '02:00', 'toy', 18, 46);



INSERT INTO EM.SOUNDCHECK VALUES(47, '00:30','2021-03-02 10:00:00');
INSERT INTO EM.CONCERTO VALUES(47, '2020-03-02 22:00:00', '02:00', 'gd', 19, 47);

INSERT INTO EM.SOUNDCHECK VALUES(48, '00:30','2021-03-03 10:00:00');
INSERT INTO EM.CONCERTO VALUES(48, '2021-03-03 22:00:00', '02:00', 'ff', 19, 48);



INSERT INTO EM.SOUNDCHECK VALUES(49, '00:30','2022-03-02 10:00:00');
INSERT INTO EM.CONCERTO VALUES(49, '2022-03-02 22:00:00', '02:00', 'reo', 20, 49);




SELECT * FROM EM.EVENTO;
SELECT * FROM EM.BANDA;
SELECT * FROM EM.SOUNDCHECK;
SELECT * FROM EM.CONCERTO;









