/*	EMPRESAS DE CATERING	*/
INSERT INTO EM.EMPRESACATERING 
VALUES (100000012, 'MealsRus', 'mlr@gmail.com', 351236228556, 'Porto, Amarante, R. do Dr. José de Azeredo Perdigão 4');

INSERT INTO EM.EMPRESACATERING 
VALUES (123000112, 'Comes&Bebes', 'cb@gmail.com', 351236228456, 'Porto, Baixo, R. Carlos Azevedo Nº 54');

INSERT INTO EM.EMPRESACATERING 
VALUES (100540212, 'MiliEventos', 'meventos@gmail.com', 351236333556, 'Aveiro, Avenida Santa Joana, Nº 49');

INSERT INTO EM.EMPRESACATERING 
VALUES (101200312, 'MyCatering', 'mc@hotmail.com', 351236222555, 'Aveiro, Avenida Carlos Peixoto, Nº 84'); 

INSERT INTO EM.EMPRESACATERING 
VALUES (103120412, 'Food4You', 'f4y@hotmail.com', 351236223553, 'Leiria, Pombal, R. Albergaria dos Doze Nº 14');

INSERT INTO EM.EMPRESACATERING 
VALUES (100355512, 'CateringAveiro', 'caveiro@gmail.com', 351236233533, 'Aveiro, Avenida Lourenço Peixinho, Nº 24');

INSERT INTO EM.EMPRESACATERING 
VALUES (100011612, 'MealsFromLisbon', 'mfl@gmail.com', 351236111533, 'Lisboa, Cascais, Avenida Alberto Caeiro, Nº 12');

INSERT INTO EM.EMPRESACATERING 
VALUES (100132712, 'Eventos Silva', 'esilva@gmail.com', 35123666533, 'Leiria, Rua Dr. Marco Alves, Nº 35');

INSERT INTO EM.EMPRESACATERING 
VALUES (100455812, 'MyEvents', 'me@gmail.com', 351236233555, 'Aveiro, Anadia, Rua da Escola, Nº 12');

INSERT INTO EM.EMPRESACATERING 
VALUES (101234912, 'OliveiraCatering', 'ocateging@gmail.com', 351236222233, 'Viseu, Oliveira de Frades , Avenida Alexandre Paxeco, Nº 24'); 

SELECT * FROM EM.EMPRESACATERING;

/*	PROMOTORES	*/
INSERT INTO EM.PROMOTOR VALUES (10120012, 'Álvaro Covões', 'ac@gmail.com', 351921195315);

INSERT INTO EM.PROMOTOR VALUES (20330304, 'Carlos Aguiar', 'aguiar@gmail.com', 351921115365);

INSERT INTO EM.PROMOTOR VALUES (10220022, 'Ana Alves', 'alves@gmail.com', 351921195522);

INSERT INTO EM.PROMOTOR VALUES (01020333, 'Joana Pacheco', 'joana1234@gmail.com', 351965591311);

INSERT INTO EM.PROMOTOR VALUES (00114444, 'Cláudio Aveiro', 'ca12@gmail.com', 351922299315);

INSERT INTO EM.PROMOTOR VALUES (01231110, 'Sara Rocha', 'rocha@gmail.com', 351921155515);

INSERT INTO EM.PROMOTOR VALUES (04545450, 'Alfredo Silva', 'asilva@gmail.com', 351921195333);

INSERT INTO EM.PROMOTOR VALUES (11545451, 'Cátia Lourenço', 'asilva@gmail.com', 351961111333);

INSERT INTO EM.PROMOTOR VALUES (01532400, 'Paulo Alves', 'pa789@gmail.com', NULL);

INSERT INTO EM.PROMOTOR VALUES (04200120, 'Lucas Abreu', 'abreu@gmail.com', 351923405333);

INSERT INTO EM.PROMOTOR VALUES (01134000, 'Alfredo Silva', 'asilva@gmail.com', 351929951115);

INSERT INTO EM.PROMOTOR VALUES (01102001, 'Luísa Alves', 'luisaalves@gmail.com', 351923451115);

INSERT INTO EM.PROMOTOR VALUES (01552001, 'Fernando Alvim', NULL, 351923451115);

INSERT INTO EM.PROMOTOR VALUES (31034010, 'Cândida Almeida', 'calmeida@hotmail.com', 351929953333);

INSERT INTO EM.PROMOTOR VALUES (11110000, 'Mariana Almeida', 'asilva@gmail.com', 351965551115);

INSERT INTO EM.PROMOTOR VALUES (01234050, 'Ricardo Costa', 'rcosta2008@hotmail.com', 351923352215);

INSERT INTO EM.PROMOTOR VALUES (02134022, 'Henrique Gameiro', 'henriquem.gam@hotmail.com', 351963359915);

INSERT INTO EM.PROMOTOR VALUES (32130011, 'Miguel Azevedo', 'ma19@gmail.com', 351961153315);

INSERT INTO EM.PROMOTOR VALUES (32330002, 'Martim Vazconcellos', 'mv@gmail.com', 351912113315);

INSERT INTO EM.PROMOTOR VALUES (22303412, 'Jorje Nuno', 'jn10@gmail.com', 351942313215);

SELECT * FROM EM.PROMOTOR;

/*  STAGE MANAGERS  */

INSERT INTO EM.STAGEMANAGER VALUES (02113011, 'Tiago Martins', 'tm@gmail.com', 351963333915);

INSERT INTO EM.STAGEMANAGER VALUES (11113011, 'Carolina Simões', 'cs@gmail.com', 351923343111);

INSERT INTO EM.STAGEMANAGER VALUES (12003011, 'Andreia Pereira', 'andreia.pereira@gmail.com', 351925656395);

INSERT INTO EM.STAGEMANAGER VALUES (32113211, 'Mara Simões', 'mara2020@gmail.com', 351913333915);

INSERT INTO EM.STAGEMANAGER VALUES (27124021, 'Pedro Neves', 'pn752@gmail.com', 351963388315);

INSERT INTO EM.STAGEMANAGER VALUES (77023011, 'Daniel Gomes', 'gomedaniel@gmail.com', 351951133415);

INSERT INTO EM.STAGEMANAGER VALUES (21121011, 'Marco Gonçalves', 'msg@gmail.com', 351922340015);

INSERT INTO EM.STAGEMANAGER VALUES (33101021, 'André Lopes', NULL, 351920342015);

INSERT INTO EM.STAGEMANAGER VALUES (42131011, 'Roberto Martins', 'rmartins@gmail.com', 351953332415);

INSERT INTO EM.STAGEMANAGER VALUES (55513001, 'José Costa', 'jc.scp@gmail.com', 351953312915);

INSERT INTO EM.STAGEMANAGER VALUES (77103010, 'Joaquim Gameiro', 'jg.452@gmail.com', 351960030015);

INSERT INTO EM.STAGEMANAGER VALUES (12100010, 'Anabela Neves', 'tm@gmail.com', 351953322945);

INSERT INTO EM.STAGEMANAGER VALUES (21204011, 'Maria Carvalho', 'mcr@gmail.com', NULL);

INSERT INTO EM.STAGEMANAGER VALUES (12333051, 'Joana Simões', 'js@gmail.com', 351960136615);

INSERT INTO EM.STAGEMANAGER VALUES (22000011, 'Rodrigo Marques', 'rm.fcp@hotmail.com', 351920134415);

INSERT INTO EM.STAGEMANAGER VALUES (32030311, 'Marcelo Azevedo', 'ma2052@hotmail.com', 351910233315);

INSERT INTO EM.STAGEMANAGER VALUES (32032541, 'Carmo Ventura', 'cv@hotmail.com', 351920203010);

INSERT INTO EM.STAGEMANAGER VALUES (22032242, 'José Luís', 'js.scp@hotmail.com', 351911103110);

INSERT INTO EM.STAGEMANAGER VALUES (12012141, 'Bruno Carvalho', 'bdc@gmail.com', 353931402120);

INSERT INTO EM.STAGEMANAGER VALUES (32435255, 'Joana Gameiro', 'jsg789@gmail.com', 351912203212);

SELECT * FROM EM.STAGEMANAGER;

/*  EVENTOS */
INSERT INTO EM.EVENTO
VALUES(1, 'RockFest', 2, '2018-06-01', '2018-06-02', 1500, 00114444, '2017-12-01', 32032541);

INSERT INTO EM.EVENTO
VALUES(2, 'GoodJazz Festival', 5, '2019-04-01', '2019-04-05', 2500, 10120012, '2018-11-01', 22000011);

INSERT INTO EM.EVENTO
VALUES(3, 'Rap Summer Fest', 3, '2019-06-01', '2019-06-03', 2700, 11545451, '2018-11-09', 12333051);

INSERT INTO EM.EVENTO
VALUES(4, 'Xutos&Pontapés 20Anos', 1, '2019-05-02', '2019-05-03', 1000, 04545450, '2019-01-02', 22000011);

INSERT INTO EM.EVENTO
VALUES(5, 'MetalWeek', 5, '2020-05-01', '2020-05-05', 3000, 01231110, '2019-11-02', 32030311);

INSERT INTO EM.EVENTO
VALUES(6, 'Orquestra Sinfónica de Chicago', 1, '2020-06-05', '2020-06-05', 1200, 02134022, '2020-01-01', 12100010);

INSERT INTO EM.EVENTO
VALUES(7, 'Feira da Música', 4, '2021-01-30', '2021-02-02', 900, 11110000, '2020-11-11', 42131011);

INSERT INTO EM.EVENTO
VALUES(8, 'NOS Cool Music', 2, '2020-08-01', '2020-08-02', 1900, 04200120, '2020-02-01', 12333051);

INSERT INTO EM.EVENTO
VALUES(9, 'Blues Night', 1, '2018-04-07', '2018-04-07', 3000, 20330304, '2018-01-01', 55513001);

INSERT INTO EM.EVENTO
VALUES(10, 'Música Portuguesa', 3, '2019-05-01', '2019-05-03', 1500, 02134022, '2019-01-30', 32032541);

INSERT INTO EM.EVENTO
VALUES(11, 'Foo Fighters Live1', 1, '2021-06-01', '2021-06-01', 4000, 11545451, '2020-01-01', 22032242);

INSERT INTO EM.EVENTO
VALUES(12, 'Pop Culture Fest', 2, '2019-02-02', '2019-02-03', 5000, 01134000, '2018-10-01', 55513001);

INSERT INTO EM.EVENTO
VALUES(13, 'Foo Fighters Live2', 1, '2021-09-02', '2021-09-02', 4000, 31034010, '2021-01-02', 21204011);

INSERT INTO EM.EVENTO
VALUES(14, 'IndieGente', 3, '2022-05-02', '2022-05-04', 800, 01134000, '2021-01-02', 21121011);

INSERT INTO EM.EVENTO
VALUES(15, 'FadoFest', 4, '2019-05-01', '2019-05-04', 500, 22303412, '2019-01-02', 32113211);

INSERT INTO EM.EVENTO
VALUES(16, 'HarcoreMetalNight', 1, '2019-08-01', '2019-08-01', 500, 22303412, '2019-05-02', 12012141);

INSERT INTO EM.EVENTO
VALUES(17, 'Hanz Zimmer Live', 1, '2019-08-02', '2019-08-02', 500, 10220022, '2019-05-03', 12100010);

INSERT INTO EM.EVENTO
VALUES(18, 'Festa Pimba', 2, '2020-03-02', '2020-03-03', 100, 32330002, '2019-05-03', 21204011);

INSERT INTO EM.EVENTO
VALUES(19, '90s', 3, '2021-03-02', '2021-03-03', 800,  22303412, '2020-10-03', 12003011);

INSERT INTO EM.EVENTO
VALUES(20, '80s Pop week', 5, '2022-03-02', '2022-03-03', 800,  10220022, '2021-10-03', 33101021);

SELECT * FROM EM.EVENTO;

/*  BANDAS  */
INSERT INTO EM.BANDA
VALUES('ff', 'Foo Fighters', 142555501002, 'ff@hotmail.com', 6, 'Rock');

INSERT INTO EM.BANDA
VALUES('cc', 'Calvin Connors Band', 142525304502, 'ccband@gmail.com', 4, 'Pop');

INSERT INTO EM.BANDA
VALUES('es', 'Ed Sheeran', 142500304300, 'eds@gmail.com', 4, 'Pop');

INSERT INTO EM.BANDA
VALUES('osdc', 'Orquestra Sinfónica de Chicago', 142511104110, 'osdc@gmail.com', 30, 'Clássico');

INSERT INTO EM.BANDA
VALUES('bnz', 'Benzi', 351920100010, 'benzi@gamil.com', 3, 'Rap');

INSERT INTO EM.BANDA
VALUES('mm', 'minem', 351920100010, 'nm25@gmail.com', 2, 'Rap');

INSERT INTO EM.BANDA
VALUES('tbk', 'The Black Keys', 142520100010, 'tbk@gmail.com', 2, 'Blues Rock');

INSERT INTO EM.BANDA
VALUES('xp', 'Xutos & Pontapés', 351920102310, 'xp1999@gmail.com', 6, 'Rock');

INSERT INTO EM.BANDA
VALUES('on', 'Orelha Negra', 351962657150, 'on87@hotmail', 5, 'Rap');

INSERT INTO EM.BANDA
VALUES('spn', '(s)Pain', 351928865113, 'pain1000@gmail.com', 4, 'Punk');

INSERT INTO EM.BANDA
VALUES('gd', 'Green Day', 142525005113, 'gd1039@gmail.com', 3, 'Punk');

INSERT INTO EM.BANDA
VALUES('pbld', 'Peasent Blood', 142525505213, 'pbld@gmail.com', 5, 'Metal');

INSERT INTO EM.BANDA
VALUES('lm', 'Luís Miguel', 351925055213, 'pizzimusic@hotmail.com', 1, 'Pop');

INSERT INTO EM.BANDA
VALUES('ma', 'Miguel Araújo', 351926665213, 'pizzimusic@hotmail.com', 1, 'Pop');

INSERT INTO EM.BANDA
VALUES('cr', 'Comme Restus', 351920005003, 'eat@hotmail.com', 5, 'Metal');

INSERT INTO EM.BANDA
VALUES('jw', 'Jack White', 142522335233, 'jw@hotmail.com', 1, 'Blues Rock');

INSERT INTO EM.BANDA
VALUES('subs', 'Submarines in The Sky',  351960343570, 'sits@gmail.com', 3, 'Rock');

INSERT INTO EM.BANDA
VALUES('db&men', 'David Bruno & Mike El Night', 351920035233, 'inatl@gmail.com', 2, 'Rap');

INSERT INTO EM.BANDA
VALUES('slr', 'Slayer',  142520034733, 'slr@hotmail.com', 5, 'Metal');

INSERT INTO EM.BANDA
VALUES('nj', 'Norah Jones',  142520011133, 'nj10@hotmail.com', 1, 'Jazz');

INSERT INTO EM.BANDA
VALUES('cdb', 'Clive Davis Band',  142520313189, 'cdb2000@hotmail.com', 5, 'Jazz');

INSERT INTO EM.BANDA
VALUES('tba', 'The Black Angels',  142520322289, 'angels@hotmail.com', 5, 'Indie');

INSERT INTO EM.BANDA
VALUES('mmj', 'My Morning Jacket',  142500327787, 'jacket@hotmail.com', 5, 'Indie');

INSERT INTO EM.BANDA
VALUES('db', 'DeadCombo',  351920327787, 'dead10combo@hotmail.com', 2, 'Indie');

INSERT INTO EM.BANDA
VALUES('tk', 'The Kills',  142590345080, 'tkills@hotmail.com', 2, 'Indie');

INSERT INTO EM.BANDA
VALUES('rv', 'Rui Veloso',  351950242020, 'veloso@gmail.com', 1, 'Pop');

INSERT INTO EM.BANDA
VALUES('jp', 'Jorje Palma',  351920232044, 'jpalma@gmail.com', 1, 'Pop');

INSERT INTO EM.BANDA
VALUES('cpt', 'Carminho',  351910111044, 'carminho@gmail.com', 1, 'Fado');

INSERT INTO EM.BANDA
VALUES('anm', 'Ana Moura',  351923123344, 'moura@gmail.com', 1, 'Fado');

INSERT INTO EM.BANDA
VALUES('qb', 'Quim Barreiros',  351911113344, 'quim.barreiros@gmail.com', 2, 'Pimba');

INSERT INTO EM.BANDA
VALUES('toy', 'Toy',  351933133224, 'toy@gmail.com', 1, 'Pimba');

SELECT * FROM EM.BANDA;















